{
  "restaurants": [{
    "id": 1,
    "name": "Palladium Hotel",
    "neighborhood": "Manhattan",
    "photograph": "1.jpg",
    "address": "171 E Broadway, New York, NY 10002",
    "latlng": {
      "lat": 40.713829,
      "lng": -73.989667
    },
    "cuisine_type": "Foreign",
    "working_hours": {
      "Monday": "9:00 am - 10:00 pm",
      "Tuesday": "5:30 am - 10:00 pm",
      "Wednesday": "5:30 am - 10:00 pm",
      "Thursday": "5:30 am - 10:00 pm",
      "Friday": "5:30 am - 10:00 pm",
      "Sunday": "12:00 am - 10:00 pm"
    },
    "reviews": [{
        "name": "Greesh",
        "date": "December 5, 2017",
        "rating": 5,
        "comments": "Palladium Hotel has grown up with good and tasty supplies."
      },
      {
        "name": "Dharani",
        "date": "December 5, 2017",
        "rating": 4,
        "comments": "Staff were excellent. Food is awesome. Housekeeping is very good... A big size room with a lot of comfort. Neat and clean place for Business travel or Family accommodation. Value of money. Very good hotel"
      },
      {
        "name": "Sri latha",
        "date": "October 26, 2016",
        "rating": 3,
        "comments": "I really like this hotel. It is one of the best hotel in Noida in this category. It also has a barbecue restaurant for fine dining and great ambience. Hotel staff was really helpful and ready to serve all the time."
      }
    ]
  }, {
    "id": 2,
    "name": "Pizza Hut",
    "neighborhood": "Brooklyn",
    "photograph": "2.jpg",
    "address": "919 Fulton St, Brooklyn, NY 11238",
    "latlng": {
      "lat": 40.683555,
      "lng": -73.966393
    },
    "item_type": "Pizza",
    "working_hours": {
      "Monday": "9:00 am - 10:00 pm",
      "Tuesday": "5:30 am - 10:00 pm",
      "Wednesday": "5:30 am - 10:00 pm",
      "Thursday": "5:30 am - 10:00 pm",
      "Friday": "5:30 am - 10:00 pm",
      "Sunday": "12:00 am - 10:00 pm"
    },
    "reviews": [{
        "name": "Neeli",
        "date": "september 22, 2016",
        "rating": 5,
        "comments": "I stayed in Ascent Biz last month .the stay was really awesome and I am taking out time from my busy schedule to write this review. I had a great experience in this hotel, really fantastic environment and rooms were really good and maintained."
      },
      {
        "name": "Chandu",
        "date": "september 22, 2016",
        "rating": 5,
        "comments": "It is well suited in the noida near meerut highway, well maintained and barrack 62 bar to enjoy evening, food is taste, hotel must have gym for client. to relax and rooms are well maintained, and room service is fantastic.More"
      },
      {
        "name": "Siva",
        "date": "september 22, 2016",
        "rating": 5,
        "comments": "Dear Sir, We truly feel fortunate to get an opportunity to serve you well. Guest reviews give us an idea of how we are perceived, and we are delighted to know that you were highly impressed by the Hotel."
      }
    ]
  }, {
    "id": 3,
    "name": "Tea palace",
    "neighborhood": "Manhattan",
    "photograph": "3.jpg",
    "address": "1 E 32nd St, New York, NY 10016",
    "latlng": {
      "lat": 40.747143,
      "lng": -73.985414
    },
    "Item_type": "Indian",
    "working_hours": {
      "Monday": "11:30 am - 2:00 am",
      "Tuesday": "11:30 am - 2:00 am",
      "Wednesday": "11:30 am - 2:00 am",
      "Thursday": "11:30 am - 2:00 am",
      "Friday": "11:30 am - 6:00 am",
      "Saturday": "11:30 am - 6:00 am",
      "Sunday": "11:30 am - 2:00 am"
    },
    "reviews": [{
        "name": "Chaithu",
        "date": "may 2, 2018",
        "rating": 5,
        "comments": "Beautiful place with nice ambience . Perfect place for having lunch or dinner . Dim lighting with soothing music was so relaxing . Ordered a * Crispy corn * White sauce pasta * Chilli paneer * Oreo Shake All the things were nicely made having"
      },
      {
        "name": "Sushma",
        "date": "may 2, 2018",
        "rating": 5,
        "comments": "So i came here post my office hours and this place surely boosted me up from its good music, match screen and cheap beer what else one would want. Coming to the food i had their Burgers which was Tandoori Chicken Tikka Burger which basically"
      },
      {
        "name": "Anurupa",
        "date": "may 2, 2018",
        "rating": 5,
        "comments": "Dear Sir, We truly feel fortunate to get an opportunity to serve you well. Guest reviews give us an idea of how we are perceived, and we are delighted to know that you were highly impressed by our Outlet BARRAK 62 - Gastropub. Thank you"
      }
    ]
  }, {
    "id": 4,
    "name": "Burger Plaza",
    "neighborhood": "Manhattan",
    "photograph": "4.jpg",
    "address": "205 E Houston St, New York, NY 10002",
    "latlng": {
      "lat": 40.722216,
      "lng": -73.987501
    },
    "cuisine_type": "Australian",
    "working_hours": {
      "Monday": "9:00 am - 10:00 pm",
      "Tuesday": "5:30 am - 10:00 pm",
      "Wednesday": "5:30 am - 10:00 pm",
      "Thursday": "5:30 am - 10:00 pm",
      "Friday": "5:30 am - 10:00 pm",
      "Sunday": "12:00 am - 10:00 pm"
    },
    "reviews": [{
        "name": "reshma",
        "date": "January 22, 2015",
        "rating": 5,
        "comments": "Dear Sir, We truly feel fortunate to get an opportunity to serve you well. Guest reviews give us an idea of how we are perceived, and we are delighted to know that you were highly impressed by our Outlet BARRAK 62 - Gastropub. Thank you"
      },
      {
        "name": "Sai",
        "date": "January 22, 2015",
        "rating": 5,
        "comments": "So i came here post my office hours and this place surely boosted me up from its good music, match screen and cheap beer what else one would want. Coming to the food i had their Burgers which was Tandoori Chicken Tikka Burger which basically"
      },
      {
        "name": "Teja",
        "date": "January 22, 2015",
        "rating": 4,
        "comments": "Dear Sir, We truly feel fortunate to get an opportunity to serve you well. Guest reviews give us an idea of how we are perceived, and we are delighted to know that you were highly impressed by our Outlet BARRAK 62 - Gastropub"
      }
    ]
  }, {
    "id": 5,
    "name": "Samosa sap",
    "neighborhood": "Brooklyn",
    "photograph": "5.jpg",
    "address": "261 Moore St, Brooklyn, NY 11206",
    "latlng": {
      "lat": 40.705089,
      "lng": -73.933585
    },
    "Style_type": "China",
    "working_hours": {
      "Monday": "9:00 am - 10:00 pm",
      "Tuesday": "5:30 am - 10:00 pm",
      "Wednesday": "5:30 am - 10:00 pm",
      "Thursday": "5:30 am - 10:00 pm",
      "Friday": "5:30 am - 10:00 pm",
      "Sunday": "12:00 am - 10:00 pm"
    },
    "reviews": [{
        "name": "Kethu",
        "date": "October 26, 2016",
        "rating": 5,
        "comments": "So i came here post my office hours and this place surely boosted me up from its good music, match screen and cheap beer what else one would want. Coming to the food i had their Burgers which was Tandoori Chicken Tikka Burger which basically"
      },
      {
        "name": "Barra",
        "date": "October 26, 2016",
        "rating": 5,
        "comments": "Beautiful place with nice ambience . Perfect place for having lunch or dinner . Dim lighting with soothing music was so relaxing . Ordered a * Crispy corn * White sauce pasta * Chilli paneer * Oreo Shake All the things were nicely made having"
      },
      {
        "name": "Puppy",
        "date": "October 26, 2016",
        "rating": 5,
        "comments": "Dear Sir, We truly feel fortunate to get an opportunity to serve you well. Guest reviews give us an idea of how we are perceived, and we are delighted to know that you were highly impressed by our Outlet BARRAK 62 - Gastropub"
      }
    ]
  }, {
    "id": 6,
    "name": "Yummy Yummy fish",
    "neighborhood": "Brooklyn",
    "photograph": "6.jpg",
    "address": "454 Van Brunt St, Brooklyn, NY 11231",
    "latlng": {
      "lat": 40.674925,
      "lng": -74.016162
    },
    "cuisine_type": "Russian",
    "operating_hours": {
      "Monday": "9:00 am - 10:00 pm",
      "Tuesday": "5:30 am - 10:00 pm",
      "Wednesday": "5:30 am - 10:00 pm",
      "Thursday": "5:30 am - 10:00 pm",
      "Friday": "5:30 am - 10:00 pm",
      "Sunday": "12:00 am - 10:00 pm"
    },
    "reviews": [{
        "name": "pupy",
        "date": "October 3, 2016",
        "rating": 3.5,
        "comments": "Dear Sir, We truly feel fortunate to get an opportunity to serve you well. Guest reviews give us an idea of how we are perceived, and we are delighted to know that you were highly impressed by our Outlet BARRAK 62 - Gastropub"
      },
      {
        "name": "cham",
        "date": "October 3, 2016",
        "rating": 4,
        "comments": "Dear Sir, We truly feel fortunate to get an opportunity to serve you well. Guest reviews give us an idea of how we are perceived, and we are delighted to know that you were highly impressed by our Outlet BARRAK 62 - Gastropub. Thank you"
      },
      {
        "name": "mimy",
        "date": "October 3, 2016",
        "rating": 4,
        "comments": "So i came here post my office hours and this place surely boosted me up from its good music, match screen and cheap beer what else one would want. Coming to the food i had their Burgers which was Tandoori Chicken Tikka Burger which basically"
      }
    ]
  }, {
    "id": 7,
    "name": "Freshy Tea",
    "neighborhood": "Manhattan",
    "photograph": "7.jpg",
    "address": "430 E 9th St, New York, NY 10009",
    "latlng": {
      "lat": 40.727397,
      "lng": -73.983645
    },
    "Item_type": "Indian",
    "working_hours": {
      "Monday": "9:00 am - 10:00 pm",
      "Tuesday": "5:30 am - 10:00 pm",
      "Wednesday": "5:30 am - 10:00 pm",
      "Thursday": "5:30 am - 10:00 pm",
      "Friday": "5:30 am - 10:00 pm",
      "Sunday": "12:00 am - 10:00 pm"
    },
    "reviews": [{
        "name": "Bhagya",
        "date": "june 5, 2016",
        "rating": 5,
        "comments": "Dear Sir, We truly feel fortunate to get an opportunity to serve you well. Guest reviews give us an idea of how we are perceived, and we are delighted to know that you were highly impressed by our Outlet BARRAK 62 - Gastropub"
      },
      {
        "name": "Tata",
        "date": "june 5, 2016",
        "rating": 5,
        "comments": "So i came here post my office hours and this place surely boosted me up from its good music, match screen and cheap beer what else one would want. Coming to the food i had their Burgers which was Tandoori Chicken Tikka Burger which basically"
      },
      {
        "name": "Sowji",
        "date": "june 5, 2016",
        "rating": 4.5,
        "comments": "Beautiful place with nice ambience . Perfect place for having lunch or dinner . Dim lighting with soothing music was so relaxing . Ordered a * Crispy corn * White sauce pasta * Chilli paneer * Oreo Shake All the things were nicely made having"
      }
    ]
  }, {
    "id": 8,
    "name": "RESTAURANT",
    "neighborhood": "Manhattan",
    "photograph": "8.jpg",
    "address": "131 Sullivan St, New York, NY 10012",
    "latlng": {
      "lat": 40.726584,
      "lng": -74.002082
    },
    "Item_type": "Holand",
    "working_hours": {
      "Monday": "9:00 am - 10:00 pm",
      "Tuesday": "5:30 am - 10:00 pm",
      "Wednesday": "5:30 am - 10:00 pm",
      "Thursday": "5:30 am - 10:00 pm",
      "Friday": "5:30 am - 10:00 pm",
      "Sunday": "12:00 am - 10:00 pm"
    },
    "reviews": [{
        "name": "ammu",
        "date": "may 10, 2016",
        "rating": 5,
        "comments": "Dear Sir, We truly feel fortunate to get an opportunity to serve you well. Guest reviews give us an idea of how we are perceived, and we are delighted to know that you were highly impressed by our Outlet BARRAK 62 - Gastropub. Thank you"
      },
      {
        "name": "Moni",
        "date": "may 10, 2016",
        "rating": 5,
        "comments": "Dear Sir, We truly feel fortunate to get an opportunity to serve you well. Guest reviews give us an idea of how we are perceived, and we are delighted to know that you were highly impressed by our Outlet BARRAK 62 - Gastropub"
      },
      {
        "name": "Susu",
        "date": "may 10, 2016",
        "rating": 5,
        "comments": "So i came here post my office hours and this place surely boosted me up from its good music, match screen and cheap beer what else one would want. Coming to the food i had their Burgers which was Tandoori Chicken Tikka Burger which basically"
      }
    ]
  }, {
    "id": 9,
    "name": "Biryani Point",
    "neighborhood": "Queens",
    "photograph": "9.jpg",
    "address": "1209 Jackson Ave, Queens, NY 11101",
    "latlng": {
      "lat": 40.743797,
      "lng": -73.950652
    },
    "Item_type": "Indian",
    "working_hours": {
      "Monday": "9:00 am - 10:00 pm",
      "Tuesday": "5:30 am - 10:00 pm",
      "Wednesday": "5:30 am - 10:00 pm",
      "Thursday": "5:30 am - 10:00 pm",
      "Friday": "5:30 am - 10:00 pm",
      "Sunday": "12:00 am - 10:00 pm"
    },
    "reviews": [{
        "name": "Bindhu",
        "date": "febuary 2, 2016",
        "rating": 4.5,
        "comments": "Dear Sir, We truly feel fortunate to get an opportunity to serve you well. Guest reviews give us an idea of how we are perceived, and we are delighted to know that you were highly impressed by our Outlet BARRAK 62 - Gastropub"
      },
      {
        "name": "Tappu",
        "date": "febuary 2, 2016",
        "rating": 5,
        "comments": "So i came here post my office hours and this place surely boosted me up from its good music, match screen and cheap beer what else one would want. Coming to the food i had their Burgers which was Tandoori Chicken Tikka Burger which basically"
      },
      {
        "name": "Press",
        "date": "febuary 2, 2016",
        "rating": 4.5,
        "comments": "Dear Sir, We truly feel fortunate to get an opportunity to serve you well. Guest reviews give us an idea of how we are perceived, and we are delighted to know that you were highly impressed by our Outlet BARRAK 62 - Gastropub"
      }
    ]
  }, {
    "id": 10,
    "name": "Round Round Parota",
    "neighborhood": "Queens",
    "photograph": "10.jpg",
    "address": "5-48 49th Ave, Queens, NY 11101",
    "latlng": {
      "lat": 40.743394,
      "lng": -73.954235
    },
    "Item_type": "Indian",
    "working_hours": {
      "Monday": "9:00 am - 10:00 pm",
      "Tuesday": "5:30 am - 10:00 pm",
      "Wednesday": "5:30 am - 10:00 pm",
      "Thursday": "5:30 am - 10:00 pm",
      "Friday": "5:30 am - 10:00 pm",
      "Sunday": "12:00 am - 10:00 pm"
    },
    "reviews": [{
        "name": "siri",
        "date": "October 9, 2014",
        "rating": 5,
        "comments": "So i came here post my office hours and this place surely boosted me up from its good music, match screen and cheap beer what else one would want. Coming to the food i had their Burgers which was Tandoori Chicken Tikka Burger which basically"
      },
      {
        "name": "harsha",
        "date": "October 9, 2014",
        "rating": 5,
        "comments": "Beautiful place with nice ambience . Perfect place for having lunch or dinner . Dim lighting with soothing music was so relaxing . Ordered a * Crispy corn * White sauce pasta * Chilli paneer * Oreo Shake All the things were nicely made having"
      },
      {
        "name": "chinna",
        "date": "October 9, 2014",
        "rating": 4,
        "comments": "Dear Sir, We truly feel fortunate to get an opportunity to serve you well. Guest reviews give us an idea of how we are perceived, and we are delighted to know that you were highly impressed by our Outlet BARRAK 62 - Gastropub. Thank you"
      }
    ]
  }]
}
